province_a,province_b,distance_km
Hà Nội,TP.HCM,1137.8
Hà Nội,Hải Phòng,89.0
Hà Nội,Đà Nẵng,605.9
Hà Nội,Cần Thơ,1221.3
Hà Nội,Huế,539.5
Hà Nội,Đồng Nai,1124.8
Hà Nội,Bình Dương,1100.5
Hà Nội,Bà Rịa - Vũng Tàu,1175.5
Hà Nội,Long An,1168.6
Hà Nội,Tiền Giang,1179.8
Hà Nội,An Giang,1170.9
Hà Nội,Bắc Ninh,28.9
Hà Nội,Hưng Yên,47.2
Hà Nội,Hải Dương,48.9
Hà Nội,Quảng Ninh,149.3
Hà Nội,Thái Nguyên,60.0
Hà Nội,Nam Định,73.7
Hà Nội,Ninh Bình,87.4
Hà Nội,Thanh Hóa,136.0
Hà Nội,Nghệ An,222.1
Hà Nội,Hà Tĩnh,298.6
Hà Nội,Quảng Bình,403.9
Hà Nội,Quảng Trị,495.9
Hà Nội,Quảng Nam,644.8
Hà Nội,Quảng Ngãi,726.6
Hà Nội,Bình Định,828.4
Hà Nội,Khánh Hòa,1039.0
Hà Nội,Lâm Đồng,1047.9
Hà Nội,Đắk Lắk,958.6
Hà Nội,Gia Lai,815.7
Hà Nội,Cà Mau,1320.0
Hà Nội,Kiên Giang,1227.7
Hà Nội,Vĩnh Long,1198.2
Hà Nội,Bến Tre,1200.8
Hà Nội,Trà Vinh,1234.7
Hà Nội,Sóc Trăng,1270.5
Hà Nội,Bạc Liêu,1304.9
Hà Nội,Tây Ninh,1081.0
Hà Nội,Bình Phước,1035.8
Hà Nội,Phú Thọ,72.7
Hà Nội,Vĩnh Phúc,40.5
Hà Nội,Lào Cai,253.1
Hà Nội,Sơn La,203.8
Hà Nội,Điện Biên,296.1
Hà Nội,Lai Châu,289.6
Hà Nội,Hòa Bình,58.6
Hà Nội,Hà Nam,50.0
Hà Nội,Thái Bình,81.9
Hà Nội,Lạng Sơn,131.3
Hà Nội,Bắc Giang,44.6
Hà Nội,Bắc Kạn,124.4
Hà Nội,Cao Bằng,187.0
Hà Nội,Hà Giang,218.8
Hà Nội,Tuyên Quang,110.5
Hà Nội,Yên Bái,125.2
Hà Nội,Kon Tum,776.6
Hà Nội,Đắk Nông,1022.6
Hà Nội,Phú Yên,947.5
Hà Nội,Ninh Thuận,1104.0
Hà Nội,Bình Thuận,1147.8
Hà Nội,Đồng Tháp,1175.6
Hà Nội,Hậu Giang,1251.0
TP.HCM,Hải Phòng,1114.4
TP.HCM,Đà Nẵng,606.0
TP.HCM,Cần Thơ,129.6
TP.HCM,Huế,635.7
TP.HCM,Đồng Nai,27.6
TP.HCM,Bình Dương,37.6
TP.HCM,Bà Rịa - Vũng Tàu,73.9
TP.HCM,Long An,39.8
TP.HCM,Tiền Giang,54.2
TP.HCM,An Giang,167.7
TP.HCM,Bắc Ninh,1153.8
TP.HCM,Hưng Yên,1094.0
TP.HCM,Hải Dương,1125.2
TP.HCM,Quảng Ninh,1134.6
TP.HCM,Thái Nguyên,1197.8
TP.HCM,Nam Định,1070.3
TP.HCM,Ninh Bình,1050.6
TP.HCM,Thanh Hóa,1003.0
TP.HCM,Nghệ An,953.1
TP.HCM,Hà Tĩnh,839.8
TP.HCM,Quảng Bình,739.0
TP.HCM,Quảng Trị,661.8
TP.HCM,Quảng Nam,551.4
TP.HCM,Quảng Ngãi,532.2
TP.HCM,Bình Định,446.0
TP.HCM,Khánh Hòa,320.7
TP.HCM,Lâm Đồng,234.9
TP.HCM,Đắk Lắk,256.8
TP.HCM,Gia Lai,381.6
TP.HCM,Cà Mau,244.3
TP.HCM,Kiên Giang,191.9
TP.HCM,Vĩnh Long,95.8
TP.HCM,Bến Tre,70.4
TP.HCM,Trà Vinh,103.6
TP.HCM,Sóc Trăng,153.1
TP.HCM,Bạc Liêu,196.6
TP.HCM,Tây Ninh,79.3
TP.HCM,Bình Phước,103.7
TP.HCM,Phú Thọ,1177.0
TP.HCM,Vĩnh Phúc,1171.1
TP.HCM,Lào Cai,1327.3
TP.HCM,Sơn La,1203.5
TP.HCM,Điện Biên,1235.9
TP.HCM,Lai Châu,1330.1
TP.HCM,Hòa Bình,1119.8
TP.HCM,Hà Nam,1087.9
TP.HCM,Thái Bình,1070.5
TP.HCM,Lạng Sơn,1226.6
TP.HCM,Bắc Giang,1162.9
TP.HCM,Bắc Kạn,1262.0
TP.HCM,Cao Bằng,1317.5
TP.HCM,Hà Giang,1345.8
TP.HCM,Tuyên Quang,1232.4
TP.HCM,Yên Bái,1225.3
TP.HCM,Kon Tum,419.4
TP.HCM,Đắk Nông,174.1
TP.HCM,Phú Yên,367.7
TP.HCM,Ninh Thuận,270.2
TP.HCM,Bình Thuận,161.0
TP.HCM,Đồng Tháp,116.3
TP.HCM,Hậu Giang,171.6
Hải Phòng,Đà Nẵng,556.1
Hải Phòng,Cần Thơ,1205.1
Hải Phòng,Huế,496.4
Hải Phòng,Đồng Nai,1099.6
Hải Phòng,Bình Dương,1076.8
Hải Phòng,Bà Rịa - Vũng Tàu,1147.2
Hải Phòng,Long An,1147.0
Hải Phòng,Tiền Giang,1158.9
Hải Phòng,An Giang,1160.0
Hải Phòng,Bắc Ninh,74.0
Hải Phòng,Hưng Yên,69.8
Hải Phòng,Hải Dương,40.1
Hải Phòng,Quảng Ninh,65.3
Hải Phòng,Thái Nguyên,120.2
Hải Phòng,Nam Định,69.7
Hải Phòng,Ninh Bình,99.4
Hải Phòng,Thanh Hóa,149.0
Hải Phòng,Nghệ An,257.3
Hải Phòng,Hà Tĩnh,290.0
Hải Phòng,Quảng Bình,375.4
Hải Phòng,Quảng Trị,458.3
Hải Phòng,Quảng Nam,599.5
Hải Phòng,Quảng Ngãi,674.3
Hải Phòng,Bình Định,778.7
Hải Phòng,Khánh Hòa,992.4
Hải Phòng,Lâm Đồng,1007.9
Hải Phòng,Đắk Lắk,920.8
Hải Phòng,Gia Lai,775.5
Hải Phòng,Cà Mau,1307.8
Hải Phòng,Kiên Giang,1216.7
Hải Phòng,Vĩnh Long,1180.2
Hải Phòng,Bến Tre,1179.5
Hải Phòng,Trà Vinh,1213.7
Hải Phòng,Sóc Trăng,1252.3
Hải Phòng,Bạc Liêu,1288.5
Hải Phòng,Tây Ninh,1062.1
Hải Phòng,Bình Phước,1011.2
Hải Phòng,Phú Thọ,160.5
Hải Phòng,Vĩnh Phúc,123.7
Hải Phòng,Lào Cai,334.9
Hải Phòng,Sơn La,292.7
Hải Phòng,Điện Biên,384.9
Hải Phòng,Lai Châu,374.9
Hải Phòng,Hòa Bình,140.4
Hải Phòng,Hà Nam,84.6
Hải Phòng,Thái Bình,57.5
Hải Phòng,Lạng Sơn,112.4
Hải Phòng,Bắc Giang,69.9
Hải Phòng,Bắc Kạn,169.6
Hải Phòng,Cao Bằng,207.2
Hải Phòng,Hà Giang,281.7
Hải Phòng,Tuyên Quang,187.5
Hải Phòng,Yên Bái,209.3
Hải Phòng,Kon Tum,735.4
Hải Phòng,Đắk Nông,989.2
Hải Phòng,Phú Yên,899.5
Hải Phòng,Ninh Thuận,1060.6
Hải Phòng,Bình Thuận,1112.4
Hải Phòng,Đồng Tháp,1160.5
Hải Phòng,Hậu Giang,1236.8
Đà Nẵng,Cần Thơ,719.1
Đà Nẵng,Huế,79.6
Đà Nẵng,Đồng Nai,585.5
Đà Nẵng,Bình Dương,569.4
Đà Nẵng,Bà Rịa - Vũng Tàu,621.7
Đà Nẵng,Long An,643.6
Đà Nẵng,Tiền Giang,657.3
Đà Nẵng,An Giang,699.4
Đà Nẵng,Bắc Ninh,613.0
Đà Nẵng,Hưng Yên,558.8
Đà Nẵng,Hải Dương,578.3
Đà Nẵng,Quảng Ninh,559.0
Đà Nẵng,Thái Nguyên,662.1
Đà Nẵng,Nam Định,532.3
Đà Nẵng,Ninh Bình,522.6
Đà Nẵng,Thanh Hóa,489.3
Đà Nẵng,Nghệ An,495.9
Đà Nẵng,Hà Tĩnh,352.5
Đà Nẵng,Quảng Bình,230.3
Đà Nẵng,Quảng Trị,133.2
Đà Nẵng,Quảng Nam,55.0
Đà Nẵng,Quảng Ngãi,121.6
Đà Nẵng,Bình Định,222.9
Đà Nẵng,Khánh Hòa,436.5
Đà Nẵng,Lâm Đồng,458.3
Đà Nẵng,Đắk Lắk,377.1
Đà Nẵng,Gia Lai,231.3
Đà Nẵng,Cà Mau,833.2
Đà Nẵng,Kiên Giang,752.0
Đà Nẵng,Vĩnh Long,688.7
Đà Nẵng,Bến Tre,675.9
Đà Nẵng,Trà Vinh,709.6
Đà Nẵng,Sóc Trăng,756.7
Đà Nẵng,Bạc Liêu,798.1
Đà Nẵng,Tây Ninh,574.4
Đà Nẵng,Bình Phước,504.3
Đà Nẵng,Phú Thọ,664.3
Đà Nẵng,Vĩnh Phúc,645.1
Đà Nẵng,Lào Cai,841.7
Đà Nẵng,Sơn La,740.0
Đà Nẵng,Điện Biên,805.4
Đà Nẵng,Lai Châu,862.6
Đà Nẵng,Hòa Bình,609.7
Đà Nẵng,Hà Nam,558.0
Đà Nẵng,Thái Bình,526.6
Đà Nẵng,Lạng Sơn,662.4
Đà Nẵng,Bắc Giang,617.6
Đà Nẵng,Bắc Kạn,721.6
Đà Nẵng,Cao Bằng,762.8
Đà Nẵng,Hà Giang,824.7
Đà Nẵng,Tuyên Quang,714.3
Đà Nẵng,Yên Bái,719.1
Đà Nẵng,Kon Tum,190.8
Đà Nẵng,Đắk Nông,454.3
Đà Nẵng,Phú Yên,343.5
Đà Nẵng,Ninh Thuận,506.3
Đà Nẵng,Bình Thuận,569.5
Đà Nẵng,Đồng Tháp,681.6
Đà Nẵng,Hậu Giang,757.4
Cần Thơ,Huế,741.1
Cần Thơ,Đồng Nai,157.0
Cần Thơ,Bình Dương,158.5
Cần Thơ,Bà Rịa - Vũng Tàu,172.7
Cần Thơ,Long An,91.2
Cần Thơ,Tiền Giang,77.5
Cần Thơ,An Giang,86.2
Cần Thơ,Bắc Ninh,1239.3
Cần Thơ,Hưng Yên,1179.2
Cần Thơ,Hải Dương,1212.7
Cần Thơ,Quảng Ninh,1230.0
Cần Thơ,Thái Nguyên,1281.2
Cần Thơ,Nam Định,1156.6
Cần Thơ,Ninh Bình,1135.1
Cần Thơ,Thanh Hóa,1085.4
Cần Thơ,Nghệ An,1025.6
Cần Thơ,Hà Tĩnh,922.9
Cần Thơ,Quảng Bình,830.9
Cần Thơ,Quảng Trị,761.6
Cần Thơ,Quảng Nam,664.1
Cần Thơ,Quảng Ngãi,653.9
Cần Thơ,Bình Định,572.3
Cần Thơ,Khánh Hòa,448.4
Cần Thơ,Lâm Đồng,363.3
Cần Thơ,Đắk Lắk,384.7
Cần Thơ,Gia Lai,501.8
Cần Thơ,Cà Mau,116.5
Cần Thơ,Kiên Giang,73.0
Cần Thơ,Vĩnh Long,33.8
Cần Thơ,Bến Tre,72.2
Cần Thơ,Trà Vinh,66.7
Cần Thơ,Sóc Trăng,55.4
Cần Thơ,Bạc Liêu,83.5
Cần Thơ,Tây Ninh,145.8
Cần Thơ,Bình Phước,217.7
Cần Thơ,Phú Thọ,1255.2
Cần Thơ,Vĩnh Phúc,1252.6
Cần Thơ,Lào Cai,1396.2
Cần Thơ,Sơn La,1269.8
Cần Thơ,Điện Biên,1294.2
Cần Thơ,Lai Châu,1394.7
Cần Thơ,Hòa Bình,1198.6
Cần Thơ,Hà Nam,1172.0
Cần Thơ,Thái Bình,1158.3
Cần Thơ,Lạng Sơn,1317.5
Cần Thơ,Bắc Giang,1249.4
Cần Thơ,Bắc Kạn,1345.7
Cần Thơ,Cao Bằng,1404.5
Cần Thơ,Hà Giang,1423.2
Cần Thơ,Tuyên Quang,1310.9
Cần Thơ,Yên Bái,1301.0
Cần Thơ,Kon Tum,537.6
Cần Thơ,Đắk Nông,303.2
Cần Thơ,Phú Yên,497.3
Cần Thơ,Ninh Thuận,392.3
Cần Thơ,Bình Thuận,275.6
Cần Thơ,Đồng Tháp,47.6
Cần Thơ,Hậu Giang,42.0
Huế,Đồng Nai,617.6
Huế,Bình Dương,598.3
Huế,Bà Rịa - Vũng Tàu,659.6
Huế,Long An,671.5
Huế,Tiền Giang,684.6
Huế,An Giang,712.4
Huế,Bắc Ninh,548.8
Huế,Hưng Yên,492.6
Huế,Hải Dương,515.3
Huế,Quảng Ninh,506.2
Huế,Thái Nguyên,597.1
Huế,Nam Định,466.4
Huế,Ninh Bình,454.3
Huế,Thanh Hóa,417.8
Huế,Nghệ An,418.1
Huế,Hà Tĩnh,275.1
Huế,Quảng Bình,152.0
Huế,Quảng Trị,53.7
Huế,Quảng Nam,105.6
Huế,Quảng Ngãi,197.1
Huế,Bình Định,291.5
Huế,Khánh Hòa,499.5
Huế,Lâm Đồng,511.6
Huế,Đắk Lắk,425.1
Huế,Gia Lai,279.3
Huế,Cà Mau,852.2
Huế,Kiên Giang,767.0
Huế,Vĩnh Long,712.4
Huế,Bến Tre,704.2
Huế,Trà Vinh,738.4
Huế,Sóc Trăng,782.5
Huế,Bạc Liêu,822.4
Huế,Tây Ninh,595.3
Huế,Bình Phước,532.2
Huế,Phú Thọ,594.7
Huế,Vĩnh Phúc,577.8
Huế,Lào Cai,769.6
Huế,Sơn La,664.9
Huế,Điện Biên,728.2
Huế,Lai Châu,788.6
Huế,Hòa Bình,539.1
Huế,Hà Nam,490.6
Huế,Thái Bình,462.2
Huế,Lạng Sơn,605.6
Huế,Bắc Giang,554.6
Huế,Bắc Kạn,658.2
Huế,Cao Bằng,703.6
Huế,Hà Giang,758.0
Huế,Tuyên Quang,646.1
Huế,Yên Bái,649.0
Huế,Kon Tum,239.1
Huế,Đắk Nông,496.4
Huế,Phú Yên,408.6
Huế,Ninh Thuận,565.1
Huế,Bình Thuận,617.4
Huế,Đồng Tháp,700.6
Huế,Hậu Giang,777.4
Đồng Nai,Bình Dương,30.9
Đồng Nai,Bà Rịa - Vũng Tàu,63.6
Đồng Nai,Long An,66.3
Đồng Nai,Tiền Giang,80.6
Đồng Nai,An Giang,193.7
Đồng Nai,Bắc Ninh,1140.3
Đồng Nai,Hưng Yên,1080.7
Đồng Nai,Hải Dương,1111.1
Đồng Nai,Quảng Ninh,1118.5
Đồng Nai,Thái Nguyên,1184.8
Đồng Nai,Nam Định,1056.7
Đồng Nai,Ninh Bình,1037.5
Đồng Nai,Thanh Hóa,990.5
Đồng Nai,Nghệ An,943.2
Đồng Nai,Hà Tĩnh,827.4
Đồng Nai,Quảng Bình,724.4
Đồng Nai,Quảng Trị,645.2
Đồng Nai,Quảng Nam,531.1
Đồng Nai,Quảng Ngãi,508.8
Đồng Nai,Bình Định,420.9
Đồng Nai,Khánh Hòa,293.1
Đồng Nai,Lâm Đồng,207.2
Đồng Nai,Đắk Lắk,231.1
Đồng Nai,Gia Lai,359.2
Đồng Nai,Cà Mau,271.0
Đồng Nai,Kiên Giang,219.4
Đồng Nai,Vĩnh Long,123.2
Đồng Nai,Bến Tre,94.6
Đồng Nai,Trà Vinh,126.0
Đồng Nai,Sóc Trăng,177.7
Đồng Nai,Bạc Liêu,221.6
Đồng Nai,Tây Ninh,90.2
Đồng Nai,Bình Phước,89.2
Đồng Nai,Phú Thọ,1165.4
Đồng Nai,Vĩnh Phúc,1158.6
Đồng Nai,Lào Cai,1317.7
Đồng Nai,Sơn La,1194.7
Đồng Nai,Điện Biên,1229.0
Đồng Nai,Lai Châu,1321.6
Đồng Nai,Hòa Bình,1108.1
Đồng Nai,Hà Nam,1074.9
Đồng Nai,Thái Bình,1056.5
Đồng Nai,Lạng Sơn,1211.6
Đồng Nai,Bắc Giang,1149.1
Đồng Nai,Bắc Kạn,1248.8
Đồng Nai,Cao Bằng,1303.5
Đồng Nai,Hà Giang,1334.1
Đồng Nai,Tuyên Quang,1220.6
Đồng Nai,Yên Bái,1214.2
Đồng Nai,Kon Tum,397.6
Đồng Nai,Đắk Nông,147.8
Đồng Nai,Phú Yên,340.6
Đồng Nai,Ninh Thuận,243.5
Đồng Nai,Bình Thuận,137.3
Đồng Nai,Đồng Tháp,143.5
Đồng Nai,Hậu Giang,198.9
Bình Dương,Bà Rịa - Vũng Tàu,94.5
Bình Dương,Long An,74.3
Bình Dương,Tiền Giang,88.3
Bình Dương,An Giang,181.0
Bình Dương,Bắc Ninh,1116.4
Bình Dương,Hưng Yên,1056.7
Bình Dương,Hải Dương,1087.7
Bình Dương,Quảng Ninh,1097.0
Bình Dương,Thái Nguyên,1160.5
Bình Dương,Nam Định,1032.9
Bình Dương,Ninh Bình,1013.3
Bình Dương,Thanh Hóa,965.8
Bình Dương,Nghệ An,916.7
Bình Dương,Hà Tĩnh,802.7
Bình Dương,Quảng Bình,701.4
Bình Dương,Quảng Trị,624.2
Bình Dương,Quảng Nam,514.7
Bình Dương,Quảng Ngãi,497.7
Bình Dương,Bình Định,413.9
Bình Dương,Khánh Hòa,301.8
Bình Dương,Lâm Đồng,215.3
Bình Dương,Đắk Lắk,226.4
Bình Dương,Gia Lai,346.4
Bình Dương,Cà Mau,274.8
Bình Dương,Kiên Giang,213.8
Bình Dương,Vĩnh Long,125.1
Bình Dương,Bến Tre,106.5
Bình Dương,Trà Vinh,140.3
Bình Dương,Sóc Trăng,188.0
Bình Dương,Bạc Liêu,230.8
Bình Dương,Tây Ninh,62.4
Bình Dương,Bình Phước,66.2
Bình Dương,Phú Thọ,1140.1
Bình Dương,Vĩnh Phúc,1133.9
Bình Dương,Lào Cai,1291.0
Bình Dương,Sơn La,1167.5
Bình Dương,Điện Biên,1200.9
Bình Dương,Lai Châu,1294.2
Bình Dương,Hòa Bình,1082.8
Bình Dương,Hà Nam,1050.6
Bình Dương,Thái Bình,1033.0
Bình Dương,Lạng Sơn,1189.0
Bình Dương,Bắc Giang,1125.5
Bình Dương,Bắc Kạn,1224.7
Bình Dương,Cao Bằng,1280.0
Bình Dương,Hà Giang,1308.8
Bình Dương,Tuyên Quang,1195.4
Bình Dương,Yên Bái,1188.5
Bình Dương,Kon Tum,383.7
Bình Dương,Đắk Nông,146.2
Bình Dương,Phú Yên,341.2
Bình Dương,Ninh Thuận,258.9
Bình Dương,Bình Thuận,160.3
Bình Dương,Đồng Tháp,135.9
Bình Dương,Hậu Giang,200.1
Bà Rịa - Vũng Tàu,Long An,90.3
Bà Rịa - Vũng Tàu,Tiền Giang,99.7
Bà Rịa - Vũng Tàu,An Giang,231.4
Bà Rịa - Vũng Tàu,Bắc Ninh,1190.1
Bà Rịa - Vũng Tàu,Hưng Yên,1130.8
Bà Rịa - Vũng Tàu,Hải Dương,1160.2
Bà Rịa - Vũng Tàu,Quảng Ninh,1163.7
Bà Rịa - Vũng Tàu,Thái Nguyên,1235.3
Bà Rịa - Vũng Tàu,Nam Định,1106.4
Bà Rịa - Vũng Tàu,Ninh Bình,1088.1
Bà Rịa - Vũng Tàu,Thanh Hóa,1042.0
Bà Rịa - Vũng Tàu,Nghệ An,998.2
Bà Rịa - Vũng Tàu,Hà Tĩnh,879.4
Bà Rịa - Vũng Tàu,Quảng Bình,773.2
Bà Rịa - Vũng Tàu,Quảng Trị,690.4
Bà Rịa - Vũng Tàu,Quảng Nam,568.3
Bà Rịa - Vũng Tàu,Quảng Ngãi,536.1
Bà Rịa - Vũng Tàu,Bình Định,441.4
Bà Rịa - Vũng Tàu,Khánh Hòa,284.6
Bà Rịa - Vũng Tàu,Lâm Đồng,204.3
Bà Rịa - Vũng Tàu,Đắk Lắk,252.1
Bà Rịa - Vũng Tàu,Gia Lai,391.4
Bà Rịa - Vũng Tàu,Cà Mau,274.7
Bà Rịa - Vũng Tàu,Kiên Giang,243.8
Bà Rịa - Vũng Tàu,Vĩnh Long,142.6
Bà Rịa - Vũng Tàu,Bến Tre,100.5
Bà Rịa - Vũng Tàu,Trà Vinh,119.2
Bà Rịa - Vũng Tàu,Sóc Trăng,173.2
Bà Rịa - Vũng Tàu,Bạc Liêu,216.3
Bà Rịa - Vũng Tàu,Tây Ninh,151.4
Bà Rịa - Vũng Tàu,Bình Phước,145.8
Bà Rịa - Vũng Tàu,Phú Thọ,1217.9
Bà Rịa - Vũng Tàu,Vĩnh Phúc,1210.0
Bà Rịa - Vũng Tàu,Lào Cai,1372.9
Bà Rịa - Vũng Tàu,Sơn La,1250.9
Bà Rịa - Vũng Tàu,Điện Biên,1287.2
Bà Rịa - Vũng Tàu,Lai Châu,1378.0
Bà Rịa - Vũng Tàu,Hòa Bình,1160.6
Bà Rịa - Vũng Tàu,Hà Nam,1125.5
Bà Rịa - Vũng Tàu,Thái Bình,1105.6
Bà Rịa - Vũng Tàu,Lạng Sơn,1258.9
Bà Rịa - Vũng Tàu,Bắc Giang,1198.5
Bà Rịa - Vũng Tàu,Bắc Kạn,1299.1
Bà Rịa - Vũng Tàu,Cao Bằng,1352.2
Bà Rịa - Vũng Tàu,Hà Giang,1386.6
Bà Rịa - Vũng Tàu,Tuyên Quang,1273.0
Bà Rịa - Vũng Tàu,Yên Bái,1267.5
Bà Rịa - Vũng Tàu,Kon Tum,431.4
Bà Rịa - Vũng Tàu,Đắk Nông,169.1
Bà Rịa - Vũng Tàu,Phú Yên,347.4
Bà Rịa - Vũng Tàu,Ninh Thuận,221.9
Bà Rịa - Vũng Tàu,Bình Thuận,103.3
Bà Rịa - Vũng Tàu,Đồng Tháp,176.3
Bà Rịa - Vũng Tàu,Hậu Giang,211.5
Long An,Tiền Giang,14.5
Long An,An Giang,141.1
Long An,Bắc Ninh,1185.1
Long An,Hưng Yên,1125.2
Long An,Hải Dương,1156.9
Long An,Quảng Ninh,1168.4
Long An,Thái Nguyên,1228.6
Long An,Nam Định,1101.7
Long An,Ninh Bình,1081.6
Long An,Thanh Hóa,1033.4
Long An,Nghệ An,980.8
Long An,Hà Tĩnh,870.2
Long An,Quảng Bình,771.5
Long An,Quảng Trị,696.3
Long An,Quảng Nam,588.8
Long An,Quảng Ngãi,571.4
Long An,Bình Định,485.8
Long An,Khánh Hòa,357.3
Long An,Lâm Đồng,272.1
Long An,Đắk Lắk,296.5
Long An,Gia Lai,420.4
Long An,Cà Mau,204.8
Long An,Kiên Giang,157.2
Long An,Vĩnh Long,57.7
Long An,Bến Tre,32.8
Long An,Trà Vinh,67.0
Long An,Sóc Trăng,113.9
Long An,Bạc Liêu,157.1
Long An,Tây Ninh,93.1
Long An,Bình Phước,139.6
Long An,Phú Thọ,1206.4
Long An,Vĩnh Phúc,1201.3
Long An,Lào Cai,1354.3
Long An,Sơn La,1229.7
Long An,Điện Biên,1259.9
Long An,Lai Châu,1355.9
Long An,Hòa Bình,1149.3
Long An,Hà Nam,1118.8
Long An,Thái Bình,1102.3
Long An,Lạng Sơn,1259.3
Long An,Bắc Giang,1194.4
Long An,Bắc Kạn,1292.9
Long An,Cao Bằng,1349.3
Long An,Hà Giang,1375.0
Long An,Tuyên Quang,1261.9
Long An,Yên Bái,1254.0
Long An,Kon Tum,457.9
Long An,Đắk Nông,213.7
Long An,Phú Yên,406.8
Long An,Ninh Thuận,303.2
Long An,Bình Thuận,189.2
Long An,Đồng Tháp,86.2
Long An,Hậu Giang,132.9
Tiền Giang,An Giang,133.0
Tiền Giang,Bắc Ninh,1196.5
Tiền Giang,Hưng Yên,1136.6
Tiền Giang,Hải Dương,1168.5
Tiền Giang,Quảng Ninh,1180.7
Tiền Giang,Thái Nguyên,1239.8
Tiền Giang,Nam Định,1113.2
Tiền Giang,Ninh Bình,1092.9
Tiền Giang,Thanh Hóa,1044.5
Tiền Giang,Nghệ An,990.9
Tiền Giang,Hà Tĩnh,881.3
Tiền Giang,Quảng Bình,783.5
Tiền Giang,Quảng Trị,708.9
Tiền Giang,Quảng Nam,602.5
Tiền Giang,Quảng Ngãi,585.6
Tiền Giang,Bình Định,500.2
Tiền Giang,Khánh Hòa,370.9
Tiền Giang,Lâm Đồng,285.9
Tiền Giang,Đắk Lắk,311.0
Tiền Giang,Gia Lai,434.6
Tiền Giang,Cà Mau,190.4
Tiền Giang,Kiên Giang,145.2
Tiền Giang,Vĩnh Long,44.5
Tiền Giang,Bến Tre,21.2
Tiền Giang,Trà Vinh,54.9
Tiền Giang,Sóc Trăng,99.8
Tiền Giang,Bạc Liêu,142.8
Tiền Giang,Tây Ninh,101.5
Tiền Giang,Bình Phước,153.0
Tiền Giang,Phú Thọ,1217.2
Tiền Giang,Vĩnh Phúc,1212.4
Tiền Giang,Lào Cai,1364.2
Tiền Giang,Sơn La,1239.3
Tiền Giang,Điện Biên,1268.8
Tiền Giang,Lai Châu,1365.4
Tiền Giang,Hòa Bình,1160.1
Tiền Giang,Hà Nam,1130.1
Tiền Giang,Thái Bình,1113.9
Tiền Giang,Lạng Sơn,1271.2
Tiền Giang,Bắc Giang,1206.0
Tiền Giang,Bắc Kạn,1304.2
Tiền Giang,Cao Bằng,1360.8
Tiền Giang,Hà Giang,1385.7
Tiền Giang,Tuyên Quang,1272.7
Tiền Giang,Yên Bái,1264.6
Tiền Giang,Kon Tum,471.9
Tiền Giang,Đắk Nông,228.1
Tiền Giang,Phú Yên,421.1
Tiền Giang,Ninh Thuận,315.6
Tiền Giang,Bình Thuận,200.5
Tiền Giang,Đồng Tháp,77.3
Tiền Giang,Hậu Giang,119.0
An Giang,Bắc Ninh,1190.2
An Giang,Hưng Yên,1130.2
An Giang,Hải Dương,1165.1
An Giang,Quảng Ninh,1188.7
An Giang,Thái Nguyên,1230.5
An Giang,Nam Định,1108.5
An Giang,Ninh Bình,1085.6
An Giang,Thanh Hóa,1034.9
An Giang,Nghệ An,969.1
An Giang,Hà Tĩnh,873.8
An Giang,Quảng Bình,789.2
An Giang,Quảng Trị,727.5
An Giang,Quảng Nam,644.7
An Giang,Quảng Ngãi,647.6
An Giang,Bình Định,576.4
An Giang,Khánh Hòa,482.7
An Giang,Lâm Đồng,396.2
An Giang,Đắk Lắk,397.9
An Giang,Gia Lai,495.6
An Giang,Cà Mau,149.6
An Giang,Kiên Giang,56.8
An Giang,Vĩnh Long,97.2
An Giang,Bến Tre,140.2
An Giang,Trà Vinh,148.6
An Giang,Sóc Trăng,138.5
An Giang,Bạc Liêu,151.6
An Giang,Tây Ninh,137.7
An Giang,Bình Phước,221.7
An Giang,Phú Thọ,1201.1
An Giang,Vĩnh Phúc,1200.6
An Giang,Lào Cai,1336.0
An Giang,Sơn La,1208.6
An Giang,Điện Biên,1228.7
An Giang,Lai Châu,1332.1
An Giang,Hòa Bình,1145.0
An Giang,Hà Nam,1122.1
An Giang,Thái Bình,1111.2
An Giang,Lạng Sơn,1272.1
An Giang,Bắc Giang,1200.9
An Giang,Bắc Kạn,1294.9
An Giang,Cao Bằng,1355.9
An Giang,Hà Giang,1368.0
An Giang,Tuyên Quang,1256.7
An Giang,Yên Bái,1245.1
An Giang,Kon Tum,527.8
An Giang,Đắk Nông,323.7
An Giang,Phú Yên,517.5
An Giang,Ninh Thuận,437.2
An Giang,Bình Thuận,328.1
An Giang,Đồng Tháp,55.8
An Giang,Hậu Giang,90.2
Bắc Ninh,Hưng Yên,60.1
Bắc Ninh,Hải Dương,37.1
Bắc Ninh,Quảng Ninh,127.7
Bắc Ninh,Thái Nguyên,49.7
Bắc Ninh,Nam Định,83.8
Bắc Ninh,Ninh Bình,104.6
Bắc Ninh,Thanh Hóa,156.4
Bắc Ninh,Nghệ An,248.3
Bắc Ninh,Hà Tĩnh,316.6
Bắc Ninh,Quảng Bình,417.3
Bắc Ninh,Quảng Trị,506.8
Bắc Ninh,Quảng Nam,653.5
Bắc Ninh,Quảng Ngãi,732.9
Bắc Ninh,Bình Định,835.8
Bắc Ninh,Khánh Hòa,1047.7
Bắc Ninh,Lâm Đồng,1058.9
Bắc Ninh,Đắk Lắk,970.2
Bắc Ninh,Gia Lai,826.4
Bắc Ninh,Cà Mau,1339.0
Bắc Ninh,Kiên Giang,1247.0
Bắc Ninh,Vĩnh Long,1215.7
Bắc Ninh,Bến Tre,1217.4
Bắc Ninh,Trà Vinh,1251.4
Bắc Ninh,Sóc Trăng,1288.0
Bắc Ninh,Bạc Liêu,1322.9
Bắc Ninh,Tây Ninh,1098.2
Bắc Ninh,Bình Phước,1051.4
Bắc Ninh,Phú Thọ,89.2
Bắc Ninh,Vĩnh Phúc,50.7
Bắc Ninh,Lào Cai,261.0
Bắc Ninh,Sơn La,224.6
Bắc Ninh,Điện Biên,317.1
Bắc Ninh,Lai Châu,301.0
Bắc Ninh,Hòa Bình,87.0
Bắc Ninh,Hà Nam,68.8
Bắc Ninh,Thái Bình,86.6
Bắc Ninh,Lạng Sơn,102.6
Bắc Ninh,Bắc Giang,15.6
Bắc Ninh,Bắc Kạn,109.7
Bắc Ninh,Cao Bằng,165.8
Bắc Ninh,Hà Giang,214.1
Bắc Ninh,Tuyên Quang,113.9
Bắc Ninh,Yên Bái,135.5
Bắc Ninh,Kon Tum,786.9
Bắc Ninh,Đắk Nông,1035.7
Bắc Ninh,Phú Yên,955.7
Bắc Ninh,Ninh Thuận,1113.8
Bắc Ninh,Bình Thuận,1160.3
Bắc Ninh,Đồng Tháp,1193.9
Bắc Ninh,Hậu Giang,1269.5
Hưng Yên,Hải Dương,42.4
Hưng Yên,Quảng Ninh,135.1
Hưng Yên,Thái Nguyên,105.1
Hưng Yên,Nam Định,26.6
Hưng Yên,Ninh Bình,44.7
Hưng Yên,Thanh Hóa,97.4
Hưng Yên,Nghệ An,196.6
Hưng Yên,Hà Tĩnh,256.5
Hưng Yên,Quảng Bình,358.4
Hưng Yên,Quảng Trị,449.4
Hưng Yên,Quảng Nam,597.8
Hưng Yên,Quảng Ngãi,679.4
Hưng Yên,Bình Định,781.3
Hưng Yên,Khánh Hòa,992.0
Hưng Yên,Lâm Đồng,1001.5
Hưng Yên,Đắk Lắk,912.4
Hưng Yên,Gia Lai,769.2
Hưng Yên,Cà Mau,1279.0
Hưng Yên,Kiên Giang,1187.0
Hưng Yên,Vĩnh Long,1155.6
Hưng Yên,Bến Tre,1157.5
Hưng Yên,Trà Vinh,1191.5
Hưng Yên,Sóc Trăng,1228.0
Hưng Yên,Bạc Liêu,1262.8
Hưng Yên,Tây Ninh,1038.2
Hưng Yên,Bình Phước,991.7
Hưng Yên,Phú Thọ,113.8
Hưng Yên,Vĩnh Phúc,87.0
Hưng Yên,Lào Cai,296.8
Hưng Yên,Sơn La,234.4
Hưng Yên,Điện Biên,324.9
Hưng Yên,Lai Châu,330.5
Hưng Yên,Hòa Bình,76.6
Hưng Yên,Hà Nam,14.9
Hưng Yên,Thái Bình,37.1
Hưng Yên,Lạng Sơn,153.1
Hưng Yên,Bắc Giang,71.3
Hưng Yên,Bắc Kạn,168.4
Hưng Yên,Cao Bằng,225.7
Hưng Yên,Hà Giang,266.0
Hưng Yên,Tuyên Quang,157.0
Hưng Yên,Yên Bái,168.7
Hưng Yên,Kon Tum,730.0
Hưng Yên,Đắk Nông,977.0
Hưng Yên,Phú Yên,900.5
Hưng Yên,Ninh Thuận,1057.3
Hưng Yên,Bình Thuận,1102.0
Hưng Yên,Đồng Tháp,1133.8
Hưng Yên,Hậu Giang,1209.4
Hải Dương,Quảng Ninh,101.8
Hải Dương,Thái Nguyên,86.5
Hải Dương,Nam Định,57.2
Hải Dương,Ninh Bình,84.2
Hải Dương,Thanh Hóa,137.3
Hải Dương,Nghệ An,238.9
Hải Dương,Hà Tĩnh,291.6
Hải Dương,Quảng Bình,387.0
Hải Dương,Quảng Trị,474.5
Hải Dương,Quảng Nam,619.7
Hải Dương,Quảng Ngãi,697.8
Hải Dương,Bình Định,801.1
Hải Dương,Khánh Hòa,1013.6
Hải Dương,Lâm Đồng,1026.1
Hải Dương,Đắk Lắk,938.0
Hải Dương,Gia Lai,793.6
Hải Dương,Cà Mau,1313.6
Hải Dương,Kiên Giang,1221.9
Hải Dương,Vĩnh Long,1188.5
Hải Dương,Bến Tre,1189.3
Hải Dương,Trà Vinh,1223.4
Hải Dương,Sóc Trăng,1260.8
Hải Dương,Bạc Liêu,1296.2
Hải Dương,Tây Ninh,1070.7
Hải Dương,Bình Phước,1022.4
Hải Dương,Phú Thọ,120.6
Hải Dương,Vĩnh Phúc,84.4
Hải Dương,Lào Cai,297.1
Hải Dương,Sơn La,252.7
Hải Dương,Điện Biên,344.9
Hải Dương,Lai Châu,335.9
Hải Dương,Hòa Bình,102.4
Hải Dương,Hà Nam,56.5
Hải Dương,Thái Bình,54.6
Hải Dương,Lạng Sơn,111.9
Hải Dương,Bắc Giang,39.4
Hải Dương,Bắc Kạn,143.4
Hải Dương,Cao Bằng,192.4
Hải Dương,Hà Giang,250.7
Hải Dương,Tuyên Quang,150.6
Hải Dương,Yên Bái,170.5
Hải Dương,Kon Tum,753.9
Hải Dương,Đắk Nông,1004.4
Hải Dương,Phú Yên,921.3
Hải Dương,Ninh Thuận,1080.4
Hải Dương,Bình Thuận,1128.6
Hải Dương,Đồng Tháp,1167.5
Hải Dương,Hậu Giang,1243.4
Quảng Ninh,Thái Nguyên,164.3
Quảng Ninh,Nam Định,132.0
Quảng Ninh,Ninh Bình,160.9
Quảng Ninh,Thanh Hóa,206.1
Quảng Ninh,Nghệ An,316.5
Quảng Ninh,Hà Tĩnh,329.8
Quảng Ninh,Quảng Bình,399.6
Quảng Ninh,Quảng Trị,473.4
Quảng Ninh,Quảng Nam,605.9
Quảng Ninh,Quảng Ngãi,673.4
Quảng Ninh,Bình Định,779.4
Quảng Ninh,Khánh Hòa,994.8
Quảng Ninh,Lâm Đồng,1015.8
Quảng Ninh,Đắk Lắk,930.9
Quảng Ninh,Gia Lai,784.6
Quảng Ninh,Cà Mau,1335.3
Quảng Ninh,Kiên Giang,1245.2
Quảng Ninh,Vĩnh Long,1204.0
Quảng Ninh,Bến Tre,1201.1
Quảng Ninh,Trà Vinh,1235.3
Quảng Ninh,Sóc Trăng,1275.8
Quảng Ninh,Bạc Liêu,1313.1
Quảng Ninh,Tây Ninh,1085.7
Quảng Ninh,Bình Phước,1031.0
Quảng Ninh,Phú Thọ,216.9
Quảng Ninh,Vĩnh Phúc,178.2
Quảng Ninh,Lào Cai,380.4
Quảng Ninh,Sơn La,352.1
Quảng Ninh,Điện Biên,444.6
Quảng Ninh,Lai Châu,424.2
Quảng Ninh,Hòa Bình,204.1
Quảng Ninh,Hà Nam,149.8
Quảng Ninh,Thái Bình,117.3
Quảng Ninh,Lạng Sơn,109.0
Quảng Ninh,Bắc Giang,117.6
Quảng Ninh,Bắc Kạn,197.0
Quảng Ninh,Cao Bằng,212.9
Quảng Ninh,Hà Giang,312.3
Quảng Ninh,Tuyên Quang,233.5
Quảng Ninh,Yên Bái,260.3
Quảng Ninh,Kon Tum,744.0
Quảng Ninh,Đắk Nông,1002.4
Quảng Ninh,Phú Yên,901.0
Quảng Ninh,Ninh Thuận,1065.3
Quảng Ninh,Bình Thuận,1123.4
Quảng Ninh,Đồng Tháp,1186.3
Quảng Ninh,Hậu Giang,1263.0
Thái Nguyên,Nam Định,130.7
Thái Nguyên,Ninh Bình,147.2
Thái Nguyên,Thanh Hóa,195.8
Thái Nguyên,Nghệ An,276.0
Thái Nguyên,Hà Tĩnh,358.6
Thái Nguyên,Quảng Bình,463.3
Thái Nguyên,Quảng Trị,554.3
Thái Nguyên,Quảng Nam,702.1
Thái Nguyên,Quảng Ngãi,782.2
Thái Nguyên,Bình Định,884.8
Thái Nguyên,Khánh Hòa,1096.3
Thái Nguyên,Lâm Đồng,1106.5
Thái Nguyên,Đắk Lắk,1017.5
Thái Nguyên,Gia Lai,874.1
Thái Nguyên,Cà Mau,1379.6
Thái Nguyên,Kiên Giang,1287.3
Thái Nguyên,Vĩnh Long,1258.1
Thái Nguyên,Bến Tre,1260.8
Thái Nguyên,Trà Vinh,1294.7
Thái Nguyên,Sóc Trăng,1330.5
Thái Nguyên,Bạc Liêu,1364.8
Thái Nguyên,Tây Ninh,1140.9
Thái Nguyên,Bình Phước,1095.7
Thái Nguyên,Phú Thọ,67.5
Thái Nguyên,Vĩnh Phúc,36.7
Thái Nguyên,Lào Cai,216.7
Thái Nguyên,Sơn La,199.5
Thái Nguyên,Điện Biên,290.6
Thái Nguyên,Lai Châu,259.9
Thái Nguyên,Hòa Bình,97.5
Thái Nguyên,Hà Nam,109.9
Thái Nguyên,Thái Bình,135.5
Thái Nguyên,Lạng Sơn,101.8
Thái Nguyên,Bắc Giang,50.3
Thái Nguyên,Bắc Kạn,64.5
Thái Nguyên,Cao Bằng,130.3
Thái Nguyên,Hà Giang,164.3
Thái Nguyên,Tuyên Quang,69.3
Thái Nguyên,Yên Bái,97.3
Thái Nguyên,Kon Tum,834.8
Thái Nguyên,Đắk Nông,1082.0
Thái Nguyên,Phú Yên,1004.5
Thái Nguyên,Ninh Thuận,1162.0
Thái Nguyên,Bình Thuận,1207.1
Thái Nguyên,Đồng Tháp,1235.5
Thái Nguyên,Hậu Giang,1310.8
Nam Định,Ninh Bình,29.8
Nam Định,Thanh Hóa,81.4
Nam Định,Nghệ An,187.8
Nam Định,Hà Tĩnh,234.7
Nam Định,Quảng Bình,333.5
Nam Định,Quảng Trị,423.6
Nam Định,Quảng Nam,571.6
Nam Định,Quảng Ngãi,652.9
Nam Định,Bình Định,754.8
Nam Định,Khánh Hòa,965.8
Nam Định,Lâm Đồng,975.8
Nam Định,Đắk Lắk,886.9
Nam Định,Gia Lai,743.4
Nam Định,Cà Mau,1257.1
Nam Định,Kiên Giang,1165.3
Nam Định,Vĩnh Long,1132.7
Nam Định,Bến Tre,1134.1
Nam Định,Trà Vinh,1168.1
Nam Định,Sóc Trăng,1205.0
Nam Định,Bạc Liêu,1240.2
Nam Định,Tây Ninh,1015.1
Nam Định,Bình Phước,967.8
Nam Định,Phú Thọ,139.3
Nam Định,Vĩnh Phúc,113.6
Nam Định,Lào Cai,322.5
Nam Định,Sơn La,255.1
Nam Định,Điện Biên,344.2
Nam Định,Lai Châu,355.1
Nam Định,Hòa Bình,97.1
Nam Định,Hà Nam,31.0
Nam Định,Thái Bình,16.5
Nam Định,Lạng Sơn,168.6
Nam Định,Bắc Giang,92.8
Nam Định,Bắc Kạn,193.2
Nam Định,Cao Bằng,247.9
Nam Định,Hà Giang,292.5
Nam Định,Tuyên Quang,183.6
Nam Định,Yên Bái,194.6
Nam Định,Kon Tum,704.1
Nam Định,Đắk Nông,952.0
Nam Định,Phú Yên,874.2
Nam Định,Ninh Thuận,1031.3
Nam Định,Bình Thuận,1076.7
Nam Định,Đồng Tháp,1111.4
Nam Định,Hậu Giang,1187.1
Ninh Bình,Thanh Hóa,53.2
Ninh Bình,Nghệ An,158.0
Ninh Bình,Hà Tĩnh,212.2
Ninh Bình,Quảng Bình,316.7
Ninh Bình,Quảng Trị,409.6
Ninh Bình,Quảng Nam,559.8
Ninh Bình,Quảng Ngãi,643.8
Ninh Bình,Bình Định,744.4
Ninh Bình,Khánh Hòa,953.7
Ninh Bình,Lâm Đồng,961.3
Ninh Bình,Đắk Lắk,871.8
Ninh Bình,Gia Lai,729.3
Ninh Bình,Cà Mau,1234.5
Ninh Bình,Kiên Giang,1142.4
Ninh Bình,Vĩnh Long,1111.6
Ninh Bình,Bến Tre,1113.8
Ninh Bình,Trà Vinh,1147.8
Ninh Bình,Sóc Trăng,1183.9
Ninh Bình,Bạc Liêu,1218.6
Ninh Bình,Tây Ninh,994.2
Ninh Bình,Bình Phước,948.5
Ninh Bình,Phú Thọ,142.3
Ninh Bình,Vĩnh Phúc,123.8
Ninh Bình,Lào Cai,323.7
Ninh Bình,Sơn La,245.4
Ninh Bình,Điện Biên,331.7
Ninh Bình,Lai Châu,352.6
Ninh Bình,Hòa Bình,91.5
Ninh Bình,Hà Nam,37.4
Ninh Bình,Thái Bình,43.6
Ninh Bình,Lạng Sơn,196.1
Ninh Bình,Bắc Giang,116.0
Ninh Bình,Bắc Kạn,211.4
Ninh Bình,Cao Bằng,270.3
Ninh Bình,Hà Giang,303.9
Ninh Bình,Tuyên Quang,191.9
Ninh Bình,Yên Bái,197.7
Ninh Bình,Kon Tum,690.4
Ninh Bình,Đắk Nông,935.4
Ninh Bình,Phú Yên,862.8
Ninh Bình,Ninh Thuận,1018.0
Ninh Bình,Bình Thuận,1060.7
Ninh Bình,Đồng Tháp,1089.5
Ninh Bình,Hậu Giang,1165.0
Thanh Hóa,Nghệ An,110.8
Thanh Hóa,Hà Tĩnh,163.2
Thanh Hóa,Quảng Bình,274.5
Thanh Hóa,Quảng Trị,370.6
Thanh Hóa,Quảng Nam,523.4
Thanh Hóa,Quảng Ngãi,610.9
Thanh Hóa,Bình Định,709.2
Thanh Hóa,Khánh Hòa,915.8
Thanh Hóa,Lâm Đồng,920.1
Thanh Hóa,Đắk Lắk,829.9
Thanh Hóa,Gia Lai,689.0
Thanh Hóa,Cà Mau,1183.9
Thanh Hóa,Kiên Giang,1091.7
Thanh Hóa,Vĩnh Long,1062.4
Thanh Hóa,Bến Tre,1065.5
Thanh Hóa,Trà Vinh,1099.4
Thanh Hóa,Sóc Trăng,1134.8
Thanh Hóa,Bạc Liêu,1169.0
Thanh Hóa,Tây Ninh,945.4
Thanh Hóa,Bình Phước,901.4
Thanh Hóa,Phú Thọ,178.3
Thanh Hóa,Vĩnh Phúc,168.1
Thanh Hóa,Lào Cai,352.3
Thanh Hóa,Sơn La,258.0
Thanh Hóa,Điện Biên,336.9
Thanh Hóa,Lai Châu,375.1
Thanh Hóa,Hòa Bình,121.7
Thanh Hóa,Hà Nam,87.6
Thanh Hóa,Thái Bình,91.5
Thanh Hóa,Lạng Sơn,249.2
Thanh Hóa,Bắc Giang,168.5
Thanh Hóa,Bắc Kạn,260.3
Thanh Hóa,Cao Bằng,321.9
Thanh Hóa,Hà Giang,345.5
Thanh Hóa,Tuyên Quang,232.0
Thanh Hóa,Yên Bái,231.6
Thanh Hóa,Kon Tum,650.8
Thanh Hóa,Đắk Nông,891.4
Thanh Hóa,Phú Yên,826.0
Thanh Hóa,Ninh Thuận,978.3
Thanh Hóa,Bình Thuận,1017.3
Thanh Hóa,Đồng Tháp,1039.7
Thanh Hóa,Hậu Giang,1114.9
Nghệ An,Hà Tĩnh,143.5
Nghệ An,Quảng Bình,266.1
Nghệ An,Quảng Trị,365.6
Nghệ An,Quảng Nam,519.8
Nghệ An,Quảng Ngãi,615.1
Nghệ An,Bình Định,705.0
Nghệ An,Khánh Hòa,901.2
Nghệ An,Lâm Đồng,895.1
Nghệ An,Đắk Lắk,803.2
Nghệ An,Gia Lai,669.7
Nghệ An,Cà Mau,1118.6
Nghệ An,Kiên Giang,1025.6
Nghệ An,Vĩnh Long,1005.0
Nghệ An,Bến Tre,1012.1
Nghệ An,Trà Vinh,1045.4
Nghệ An,Sóc Trăng,1077.0
Nghệ An,Bạc Liêu,1108.7
Nghệ An,Tây Ninh,890.1
Nghệ An,Bình Phước,854.3
Nghệ An,Phú Thọ,234.4
Nghệ An,Vĩnh Phúc,241.5
Nghệ An,Lào Cai,374.7
Nghệ An,Sơn La,255.4
Nghệ An,Điện Biên,310.4
Nghệ An,Lai Châu,382.6
Nghệ An,Hòa Bình,181.3
Nghệ An,Hà Nam,183.1
Nghệ An,Thái Bình,200.3
Nghệ An,Lạng Sơn,348.7
Nghệ An,Bắc Giang,262.8
Nghệ An,Bắc Kạn,337.6
Nghệ An,Cao Bằng,406.4
Nghệ An,Hà Giang,399.1
Nghệ An,Tuyên Quang,289.5
Nghệ An,Yên Bái,276.1
Nghệ An,Kon Tum,634.3
Nghệ An,Đắk Nông,857.0
Nghệ An,Phú Yên,815.7
Nghệ An,Ninh Thuận,957.6
Nghệ An,Bình Thuận,984.0
Nghệ An,Đồng Tháp,978.9
Nghệ An,Hậu Giang,1052.4
Hà Tĩnh,Quảng Bình,123.3
Hà Tĩnh,Quảng Trị,223.1
Hà Tĩnh,Quảng Nam,377.8
Hà Tĩnh,Quảng Ngãi,472.1
Hà Tĩnh,Bình Định,563.7
Hà Tĩnh,Khánh Hòa,763.8
Hà Tĩnh,Lâm Đồng,762.8
Hà Tĩnh,Đắk Lắk,671.7
Hà Tĩnh,Gia Lai,533.9
Hà Tĩnh,Cà Mau,1022.5
Hà Tĩnh,Kiên Giang,930.6
Hà Tĩnh,Vĩnh Long,899.6
Hà Tĩnh,Bến Tre,902.3
Hà Tĩnh,Trà Vinh,936.2
Hà Tĩnh,Sóc Trăng,971.9
Hà Tĩnh,Bạc Liêu,1006.4
Hà Tĩnh,Tây Ninh,782.4
Hà Tĩnh,Bình Phước,738.3
Hà Tĩnh,Phú Thọ,338.8
Hà Tĩnh,Vĩnh Phúc,331.2
Hà Tĩnh,Lào Cai,502.8
Hà Tĩnh,Sơn La,391.8
Hà Tĩnh,Điện Biên,453.1
Hà Tĩnh,Lai Châu,517.3
Hà Tĩnh,Hòa Bình,281.4
Hà Tĩnh,Hà Nam,249.1
Hà Tĩnh,Thái Bình,238.1
Hà Tĩnh,Lạng Sơn,400.4
Hà Tĩnh,Bắc Giang,327.2
Hà Tĩnh,Bắc Kạn,423.0
Hà Tĩnh,Cao Bằng,482.2
Hà Tĩnh,Hà Giang,507.3
Hà Tĩnh,Tuyên Quang,393.6
Hà Tĩnh,Yên Bái,389.6
Hà Tĩnh,Kon Tum,497.1
Hà Tĩnh,Đắk Nông,730.7
Hà Tĩnh,Phú Yên,676.5
Hà Tĩnh,Ninh Thuận,823.1
Hà Tĩnh,Bình Thuận,857.1
Hà Tĩnh,Đồng Tháp,877.3
Hà Tĩnh,Hậu Giang,952.9
Quảng Bình,Quảng Trị,99.8
Quảng Bình,Quảng Nam,254.6
Quảng Bình,Quảng Ngãi,349.0
Quảng Bình,Bình Định,440.7
Quảng Bình,Khánh Hòa,642.8
Quảng Bình,Lâm Đồng,645.7
Quảng Bình,Đắk Lắk,555.5
Quảng Bình,Gia Lai,414.7
Quảng Bình,Cà Mau,935.6
Quảng Bình,Kiên Giang,845.7
Quảng Bình,Vĩnh Long,805.4
Quảng Bình,Bến Tre,804.1
Quảng Bình,Trà Vinh,838.3
Quảng Bình,Sóc Trăng,877.4
Quảng Bình,Bạc Liêu,914.1
Quảng Bình,Tây Ninh,687.2
Quảng Bình,Bình Phước,635.9
Quảng Bình,Phú Thọ,452.8
Quảng Bình,Vĩnh Phúc,440.1
Quảng Bình,Lào Cai,622.8
Quảng Bình,Sơn La,514.6
Quảng Bình,Điện Biên,576.3
Quảng Bình,Lai Châu,639.4
Quảng Bình,Hòa Bình,396.0
Quảng Bình,Hà Nam,354.0
Quảng Bình,Thái Bình,332.4
Quảng Bình,Lạng Sơn,487.8
Quảng Bình,Bắc Giang,425.4
Quảng Bình,Bắc Kạn,526.7
Quảng Bình,Cao Bằng,579.2
Quảng Bình,Hà Giang,619.4
Quảng Bình,Tuyên Quang,506.1
Quảng Bình,Yên Bái,505.7
Quảng Bình,Kon Tum,376.8
Quảng Bình,Đắk Nông,618.7
Quảng Bình,Phú Yên,554.5
Quảng Bình,Ninh Thuận,704.1
Quảng Bình,Bình Thuận,744.0
Quảng Bình,Đồng Tháp,786.9
Quảng Bình,Hậu Giang,863.5
Quảng Trị,Quảng Nam,154.8
Quảng Trị,Quảng Ngãi,249.7
Quảng Trị,Bình Định,341.0
Quảng Trị,Khánh Hòa,545.2
Quảng Trị,Lâm Đồng,552.1
Quảng Trị,Đắk Lắk,463.5
Quảng Trị,Gia Lai,319.8
Quảng Trị,Cà Mau,870.4
Quảng Trị,Kiên Giang,783.0
Quảng Trị,Vĩnh Long,734.2
Quảng Trị,Bến Tre,729.0
Quảng Trị,Trà Vinh,763.3
Quảng Trị,Sóc Trăng,805.4
Quảng Trị,Bạc Liêu,844.0
Quảng Trị,Tây Ninh,616.2
Quảng Trị,Bình Phước,558.1
Quảng Trị,Phú Thọ,548.5
Quảng Trị,Vĩnh Phúc,533.4
Quảng Trị,Lào Cai,721.1
Quảng Trị,Sơn La,614.2
Quảng Trị,Điện Biên,675.9
Quảng Trị,Lai Châu,738.7
Quảng Trị,Hòa Bình,492.2
Quảng Trị,Hà Nam,446.4
Quảng Trị,Thái Bình,420.6
Quảng Trị,Lạng Sơn,569.2
Quảng Trị,Bắc Giang,513.6
Quảng Trị,Bắc Kạn,616.5
Quảng Trị,Cao Bằng,664.9
Quảng Trị,Hà Giang,713.4
Quảng Trị,Tuyên Quang,600.8
Quảng Trị,Yên Bái,602.2
Quảng Trị,Kon Tum,280.8
Quảng Trị,Đắk Nông,530.9
Quảng Trị,Phú Yên,455.8
Quảng Trị,Ninh Thuận,608.4
Quảng Trị,Bình Thuận,654.3
Quảng Trị,Đồng Tháp,719.5
Quảng Trị,Hậu Giang,796.5
Quảng Nam,Quảng Ngãi,100.2
Quảng Nam,Bình Định,186.3
Quảng Nam,Khánh Hòa,394.2
Quảng Nam,Lâm Đồng,409.8
Quảng Nam,Đắk Lắk,326.1
Quảng Nam,Gia Lai,179.7
Quảng Nam,Cà Mau,778.2
Quảng Nam,Kiên Giang,697.1
Quảng Nam,Vĩnh Long,633.7
Quảng Nam,Bến Tre,621.2
Quảng Nam,Trà Vinh,654.9
Quảng Nam,Sóc Trăng,701.8
Quảng Nam,Bạc Liêu,743.2
Quảng Nam,Tây Ninh,519.4
Quảng Nam,Bình Phước,449.5
Quảng Nam,Phú Thọ,700.3
Quảng Nam,Vĩnh Phúc,683.3
Quảng Nam,Lào Cai,874.9
Quảng Nam,Sơn La,769.0
Quảng Nam,Điện Biên,830.2
Quảng Nam,Lai Châu,893.3
Quảng Nam,Hòa Bình,644.7
Quảng Nam,Hà Nam,596.1
Quảng Nam,Thái Bình,566.9
Quảng Nam,Lạng Sơn,707.6
Quảng Nam,Bắc Giang,659.0
Quảng Nam,Bắc Kạn,762.9
Quảng Nam,Cao Bằng,806.7
Quảng Nam,Hà Giang,863.4
Quảng Nam,Tuyên Quang,751.7
Quảng Nam,Yên Bái,754.6
Quảng Nam,Kon Tum,138.9
Quảng Nam,Đắk Nông,401.7
Quảng Nam,Phú Yên,303.0
Quảng Nam,Ninh Thuận,461.1
Quảng Nam,Bình Thuận,518.9
Quảng Nam,Đồng Tháp,626.6
Quảng Nam,Hậu Giang,702.4
Quảng Ngãi,Bình Định,106.7
Quảng Ngãi,Khánh Hòa,322.4
Quảng Ngãi,Lâm Đồng,355.4
Quảng Ngãi,Đắk Lắk,284.4
Quảng Ngãi,Gia Lai,152.5
Quảng Ngãi,Cà Mau,770.2
Quảng Ngãi,Kiên Giang,696.2
Quảng Ngãi,Vĩnh Long,621.6
Quảng Ngãi,Bến Tre,602.5
Quảng Ngãi,Trà Vinh,634.8
Quảng Ngãi,Sóc Trăng,685.3
Quảng Ngãi,Bạc Liêu,728.4
Quảng Ngãi,Tây Ninh,514.3
Quảng Ngãi,Bình Phước,436.2
Quảng Ngãi,Phú Thọ,785.6
Quảng Ngãi,Vĩnh Phúc,766.0
Quảng Ngãi,Lào Cai,963.2
Quảng Ngãi,Sơn La,861.1
Quảng Ngãi,Điện Biên,925.2
Quảng Ngãi,Lai Châu,984.0
Quảng Ngãi,Hòa Bình,731.2
Quảng Ngãi,Hà Nam,679.0
Quảng Ngãi,Thái Bình,646.7
Quảng Ngãi,Lạng Sơn,778.7
Quảng Ngãi,Bắc Giang,737.1
Quảng Ngãi,Bắc Kạn,841.1
Quảng Ngãi,Cao Bằng,880.2
Quảng Ngãi,Hà Giang,945.3
Quảng Ngãi,Tuyên Quang,835.3
Quảng Ngãi,Yên Bái,840.6
Quảng Ngãi,Kon Tum,120.8
Quảng Ngãi,Đắk Nông,367.1
Quảng Ngãi,Phú Yên,228.3
Quảng Ngãi,Ninh Thuận,395.9
Quảng Ngãi,Bình Thuận,471.6
Quảng Ngãi,Đồng Tháp,621.4
Quảng Ngãi,Hậu Giang,694.3
Bình Định,Khánh Hòa,215.7
Bình Định,Lâm Đồng,252.1
Bình Định,Đắk Lắk,190.5
Bình Định,Gia Lai,99.2
Bình Định,Cà Mau,688.7
Bình Định,Kiên Giang,621.1
Bình Định,Vĩnh Long,539.0
Bình Định,Bến Tre,515.5
Bình Định,Trà Vinh,546.4
Bình Định,Sóc Trăng,598.6
Bình Định,Bạc Liêu,642.5
Bình Định,Tây Ninh,439.6
Bình Định,Bình Phước,357.2
Bình Định,Phú Thọ,885.5
Bình Định,Vĩnh Phúc,867.3
Bình Định,Lào Cai,1061.0
Bình Định,Sơn La,955.2
Bình Định,Điện Biên,1015.3
Bình Định,Lai Châu,1079.6
Bình Định,Hòa Bình,830.3
Bình Định,Hà Nam,780.2
Bình Định,Thái Bình,749.4
Bình Định,Lạng Sơn,884.1
Bình Định,Bắc Giang,840.5
Bình Định,Bắc Kạn,944.5
Bình Định,Cao Bằng,985.1
Bình Định,Hà Giang,1047.2
Bình Định,Tuyên Quang,936.2
Bình Định,Yên Bái,940.1
Bình Định,Kon Tum,99.1
Bình Định,Đắk Nông,274.6
Bình Định,Phú Yên,121.7
Bình Định,Ninh Thuận,289.4
Bình Định,Bình Thuận,369.9
Bình Định,Đồng Tháp,544.1
Bình Định,Hậu Giang,613.6
Khánh Hòa,Lâm Đồng,86.5
Khánh Hòa,Đắk Lắk,132.3
Khánh Hòa,Gia Lai,232.1
Khánh Hòa,Cà Mau,557.8
Khánh Hòa,Kiên Giang,512.5
Khánh Hòa,Vĩnh Long,415.0
Khánh Hòa,Bến Tre,379.4
Khánh Hòa,Trà Vinh,403.0
Khánh Hòa,Sóc Trăng,457.4
Khánh Hòa,Bạc Liêu,500.8
Khánh Hòa,Tây Ninh,352.3
Khánh Hòa,Bình Phước,273.6
Khánh Hòa,Phú Thọ,1093.5
Khánh Hòa,Vĩnh Phúc,1077.3
Khánh Hòa,Lào Cai,1265.6
Khánh Hòa,Sơn La,1155.1
Khánh Hòa,Điện Biên,1209.3
Khánh Hòa,Lai Châu,1281.1
Khánh Hòa,Hòa Bình,1037.5
Khánh Hòa,Hà Nam,990.1
Khánh Hòa,Thái Bình,961.1
Khánh Hòa,Lạng Sơn,1098.9
Khánh Hòa,Bắc Giang,1053.0
Khánh Hòa,Bắc Kạn,1156.9
Khánh Hòa,Cao Bằng,1199.3
Khánh Hòa,Hà Giang,1257.4
Khánh Hòa,Tuyên Quang,1145.4
Khánh Hòa,Yên Bái,1147.4
Khánh Hòa,Kon Tum,266.9
Khánh Hòa,Đắk Nông,166.1
Khánh Hòa,Phú Yên,94.1
Khánh Hòa,Ninh Thuận,78.9
Khánh Hòa,Bình Thuận,188.2
Khánh Hòa,Đồng Tháp,435.9
Khánh Hòa,Hậu Giang,489.7
Lâm Đồng,Đắk Lắk,92.1
Lâm Đồng,Gia Lai,232.5
Lâm Đồng,Cà Mau,474.3
Lâm Đồng,Kiên Giang,426.5
Lâm Đồng,Vĩnh Long,329.8
Lâm Đồng,Bến Tre,295.5
Lâm Đồng,Trà Vinh,320.8
Lâm Đồng,Sóc Trăng,375.2
Lâm Đồng,Bạc Liêu,419.1
Lâm Đồng,Tây Ninh,266.4
Lâm Đồng,Bình Phước,189.7
Lâm Đồng,Phú Thọ,1098.4
Lâm Đồng,Vĩnh Phúc,1085.1
Lâm Đồng,Lào Cai,1265.4
Lâm Đồng,Sơn La,1150.4
Lâm Đồng,Điện Biên,1198.9
Lâm Đồng,Lai Châu,1277.4
Lâm Đồng,Hòa Bình,1041.5
Lâm Đồng,Hà Nam,998.3
Lâm Đồng,Thái Bình,972.5
Lâm Đồng,Lạng Sơn,1116.9
Lâm Đồng,Bắc Giang,1065.3
Lâm Đồng,Bắc Kạn,1168.6
Lâm Đồng,Cao Bằng,1215.2
Lâm Đồng,Hà Giang,1264.8
Lâm Đồng,Tuyên Quang,1151.7
Lâm Đồng,Yên Bái,1151.1
Lâm Đồng,Kon Tum,272.5
Lâm Đồng,Đắk Nông,84.6
Lâm Đồng,Phú Yên,145.0
Lâm Đồng,Ninh Thuận,71.2
Lâm Đồng,Bình Thuận,118.6
Lâm Đồng,Đồng Tháp,349.6
Lâm Đồng,Hậu Giang,404.9
Đắk Lắk,Gia Lai,146.5
Đắk Lắk,Cà Mau,500.6
Đắk Lắk,Kiên Giang,438.0
Đắk Lắk,Vĩnh Long,351.1
Đắk Lắk,Bến Tre,325.6
Đắk Lắk,Trà Vinh,356.1
Đắk Lắk,Sóc Trăng,408.7
Đắk Lắk,Bạc Liêu,452.6
Đắk Lắk,Tây Ninh,260.4
Đắk Lắk,Bình Phước,176.2
Đắk Lắk,Phú Thọ,1008.1
Đắk Lắk,Vĩnh Phúc,995.4
Đắk Lắk,Lào Cai,1174.1
Đắk Lắk,Sơn La,1058.5
Đắk Lắk,Điện Biên,1106.8
Đắk Lắk,Lai Châu,1185.6
Đắk Lắk,Hòa Bình,951.1
Đắk Lắk,Hà Nam,908.9
Đắk Lắk,Thái Bình,884.1
Đắk Lắk,Lạng Sơn,1030.6
Đắk Lắk,Bắc Giang,977.1
Đắk Lắk,Bắc Kạn,1080.0
Đắk Lắk,Cao Bằng,1127.9
Đắk Lắk,Hà Giang,1175.0
Đắk Lắk,Tuyên Quang,1061.7
Đắk Lắk,Yên Bái,1060.4
Đắk Lắk,Kon Tum,187.3
Đắk Lắk,Đắk Nông,84.2
Đắk Lắk,Phú Yên,122.3
Đắk Lắk,Ninh Thuận,159.4
Đắk Lắk,Bình Thuận,192.8
Đắk Lắk,Đồng Tháp,360.1
Đắk Lắk,Hậu Giang,426.5
Gia Lai,Cà Mau,617.9
Gia Lai,Kiên Giang,543.8
Gia Lai,Vĩnh Long,469.6
Gia Lai,Bến Tre,452.0
Gia Lai,Trà Vinh,484.8
Gia Lai,Sóc Trăng,534.3
Gia Lai,Bạc Liêu,577.1
Gia Lai,Tây Ninh,361.8
Gia Lai,Bình Phước,284.0
Gia Lai,Phú Thọ,867.3
Gia Lai,Vĩnh Phúc,853.1
Gia Lai,Lào Cai,1036.6
Gia Lai,Sơn La,924.2
Gia Lai,Điện Biên,977.3
Gia Lai,Lai Châu,1050.6
Gia Lai,Hòa Bình,810.6
Gia Lai,Hà Nam,766.2
Gia Lai,Thái Bình,740.0
Gia Lai,Lạng Sơn,884.9
Gia Lai,Bắc Giang,832.8
Gia Lai,Bắc Kạn,936.1
Gia Lai,Cao Bằng,982.7
Gia Lai,Hà Giang,1033.1
Gia Lai,Tuyên Quang,920.2
Gia Lai,Yên Bái,920.4
Gia Lai,Kon Tum,40.8
Gia Lai,Đắk Nông,223.2
Gia Lai,Phú Yên,154.4
Gia Lai,Ninh Thuận,289.4
Gia Lai,Bình Thuận,339.3
Gia Lai,Đồng Tháp,468.9
Gia Lai,Hậu Giang,542.0
Cà Mau,Kiên Giang,93.2
Cà Mau,Vĩnh Long,149.7
Cà Mau,Bến Tre,178.9
Cà Mau,Trà Vinh,155.6
Cà Mau,Sóc Trăng,102.4
Cà Mau,Bạc Liêu,64.5
Cà Mau,Tây Ninh,258.8
Cà Mau,Bình Phước,334.0
Cà Mau,Phú Thọ,1350.6
Cà Mau,Vĩnh Phúc,1349.9
Cà Mau,Lào Cai,1485.2
Cà Mau,Sơn La,1357.7
Cà Mau,Điện Biên,1376.6
Cà Mau,Lai Châu,1480.9
Cà Mau,Hòa Bình,1294.5
Cà Mau,Hà Nam,1271.1
Cà Mau,Thái Bình,1259.5
Cà Mau,Lạng Sơn,1420.0
Cà Mau,Bắc Giang,1349.7
Cà Mau,Bắc Kạn,1444.0
Cà Mau,Cao Bằng,1504.7
Cà Mau,Hà Giang,1517.5
Cà Mau,Tuyên Quang,1406.2
Cà Mau,Yên Bái,1394.6
Cà Mau,Kon Tum,653.4
Cà Mau,Đắk Nông,418.4
Cà Mau,Phú Yên,611.4
Cà Mau,Ninh Thuận,496.5
Cà Mau,Bình Thuận,377.2
Cà Mau,Đồng Tháp,151.8
Cà Mau,Hậu Giang,76.0
Kiên Giang,Vĩnh Long,101.2
Kiên Giang,Bến Tre,144.0
Kiên Giang,Trà Vinh,138.8
Kiên Giang,Sóc Trăng,108.5
Kiên Giang,Bạc Liêu,106.8
Kiên Giang,Tây Ninh,182.1
Kiên Giang,Bình Phước,263.9
Kiên Giang,Phú Thọ,1257.7
Kiên Giang,Vĩnh Phúc,1257.3
Kiên Giang,Lào Cai,1392.0
Kiên Giang,Sơn La,1264.4
Kiên Giang,Điện Biên,1283.6
Kiên Giang,Lai Châu,1387.7
Kiên Giang,Hòa Bình,1201.7
Kiên Giang,Hà Nam,1178.9
Kiên Giang,Thái Bình,1168.0
Kiên Giang,Lạng Sơn,1328.8
Kiên Giang,Bắc Giang,1257.8
Kiên Giang,Bắc Kạn,1351.7
Kiên Giang,Cao Bằng,1412.7
Kiên Giang,Hà Giang,1424.5
Kiên Giang,Tuyên Quang,1313.4
Kiên Giang,Yên Bái,1301.6
Kiên Giang,Kon Tum,577.3
Kiên Giang,Đắk Nông,359.9
Kiên Giang,Phú Yên,554.9
Kiên Giang,Ninh Thuận,460.4
Kiên Giang,Bình Thuận,345.6
Kiên Giang,Đồng Tháp,78.0
Kiên Giang,Hậu Giang,49.6
Vĩnh Long,Bến Tre,44.2
Vĩnh Long,Trà Vinh,54.1
Vĩnh Long,Sóc Trăng,72.3
Vĩnh Long,Bạc Liêu,110.0
Vĩnh Long,Tây Ninh,118.3
Vĩnh Long,Bình Phước,185.7
Vĩnh Long,Phú Thọ,1233.4
Vĩnh Long,Vĩnh Phúc,1229.9
Vĩnh Long,Lào Cai,1376.7
Vĩnh Long,Sơn La,1250.9
Vĩnh Long,Điện Biên,1277.3
Vĩnh Long,Lai Châu,1376.3
Vĩnh Long,Hòa Bình,1176.6
Vĩnh Long,Hà Nam,1148.6
Vĩnh Long,Thái Bình,1134.0
Vĩnh Long,Lạng Sơn,1292.6
Vĩnh Long,Bắc Giang,1225.5
Vĩnh Long,Bắc Kạn,1322.6
Vĩnh Long,Cao Bằng,1380.6
Vĩnh Long,Hà Giang,1401.6
Vĩnh Long,Tuyên Quang,1289.0
Vĩnh Long,Yên Bái,1279.8
Vĩnh Long,Kon Tum,505.9
Vĩnh Long,Đắk Nông,269.4
Vĩnh Long,Phú Yên,463.4
Vĩnh Long,Ninh Thuận,360.1
Vĩnh Long,Bình Thuận,244.5
Vĩnh Long,Đồng Tháp,43.6
Vĩnh Long,Hậu Giang,75.8
Bến Tre,Trà Vinh,34.3
Bến Tre,Sóc Trăng,83.2
Bến Tre,Bạc Liêu,127.0
Bến Tre,Tây Ninh,122.6
Bến Tre,Bình Phước,172.2
Bến Tre,Phú Thọ,1238.3
Bến Tre,Vĩnh Phúc,1233.4
Bến Tre,Lào Cai,1385.3
Bến Tre,Sơn La,1260.5
Bến Tre,Điện Biên,1289.9
Bến Tre,Lai Châu,1386.6
Bến Tre,Hòa Bình,1181.2
Bến Tre,Hà Nam,1151.0
Bến Tre,Thái Bình,1134.7
Bến Tre,Lạng Sơn,1291.9
Bến Tre,Bắc Giang,1226.8
Bến Tre,Bắc Kạn,1325.1
Bến Tre,Cao Bằng,1381.7
Bến Tre,Hà Giang,1406.8
Bến Tre,Tuyên Quang,1293.8
Bến Tre,Yên Bái,1285.7
Bến Tre,Kon Tum,489.7
Bến Tre,Đắk Nông,242.0
Bến Tre,Phú Yên,433.2
Bến Tre,Ninh Thuận,321.0
Bến Tre,Bình Thuận,203.5
Bến Tre,Đồng Tháp,84.8
Bến Tre,Hậu Giang,111.5
Trà Vinh,Sóc Trăng,54.4
Trà Vinh,Bạc Liêu,98.3
Trà Vinh,Tây Ninh,155.3
Trà Vinh,Bình Phước,206.2
Trà Vinh,Phú Thọ,1271.9
Trà Vinh,Vĩnh Phúc,1267.2
Trà Vinh,Lào Cai,1418.3
Trà Vinh,Sơn La,1293.3
Trà Vinh,Điện Biên,1321.9
Trà Vinh,Lai Châu,1419.2
Trà Vinh,Hòa Bình,1214.9
Trà Vinh,Hà Nam,1185.0
Trà Vinh,Thái Bình,1168.8
Trà Vinh,Lạng Sơn,1326.1
Trà Vinh,Bắc Giang,1260.9
Trà Vinh,Bắc Kạn,1359.0
Trà Vinh,Cao Bằng,1415.7
Trà Vinh,Hà Giang,1440.5
Trà Vinh,Tuyên Quang,1327.5
Trà Vinh,Yên Bái,1319.2
Trà Vinh,Kon Tum,522.8
Trà Vinh,Đắk Nông,272.1
Trà Vinh,Phú Yên,461.0
Trà Vinh,Ninh Thuận,340.9
Trà Vinh,Bình Thuận,221.7
Trà Vinh,Đồng Tháp,97.4
Trà Vinh,Hậu Giang,97.3
Sóc Trăng,Bạc Liêu,44.1
Sóc Trăng,Tây Ninh,190.2
Sóc Trăng,Bình Phước,252.4
Sóc Trăng,Phú Thọ,1305.6
Sóc Trăng,Vĩnh Phúc,1302.2
Sóc Trăng,Lào Cai,1448.4
Sóc Trăng,Sơn La,1322.3
Sóc Trăng,Điện Biên,1347.8
Sóc Trăng,Lai Châu,1447.5
Sóc Trăng,Hòa Bình,1248.8
Sóc Trăng,Hà Nam,1221.0
Sóc Trăng,Thái Bình,1206.3
Sóc Trăng,Lạng Sơn,1364.7
Sóc Trăng,Bắc Giang,1297.8
Sóc Trăng,Bắc Kạn,1394.9
Sóc Trăng,Cao Bằng,1452.9
Sóc Trăng,Hà Giang,1473.8
Sóc Trăng,Tuyên Quang,1361.3
Sóc Trăng,Yên Bái,1351.9
Sóc Trăng,Kon Tum,571.7
Sóc Trăng,Đắk Nông,325.0
Sóc Trăng,Phú Yên,515.0
Sóc Trăng,Ninh Thuận,394.6
Sóc Trăng,Bình Thuận,275.1
Sóc Trăng,Đồng Tháp,102.4
Sóc Trăng,Hậu Giang,59.4
Bạc Liêu,Tây Ninh,227.8
Bạc Liêu,Bình Phước,294.2
Bạc Liêu,Phú Thọ,1338.6
Bạc Liêu,Vĩnh Phúc,1336.0
Bạc Liêu,Lào Cai,1478.8
Bạc Liêu,Sơn La,1352.1
Bạc Liêu,Điện Biên,1375.3
Bạc Liêu,Lai Châu,1476.7
Bạc Liêu,Hòa Bình,1282.0
Bạc Liêu,Hà Nam,1255.5
Bạc Liêu,Thái Bình,1241.8
Bạc Liêu,Lạng Sơn,1400.9
Bạc Liêu,Bắc Giang,1332.9
Bạc Liêu,Bắc Kạn,1429.2
Bạc Liêu,Cao Bằng,1488.1
Bạc Liêu,Hà Giang,1506.5
Bạc Liêu,Tuyên Quang,1394.3
Bạc Liêu,Yên Bái,1384.2
Bạc Liêu,Kon Tum,614.1
Bạc Liêu,Đắk Nông,369.0
Bạc Liêu,Phú Yên,559.1
Bạc Liêu,Ninh Thuận,436.9
Bạc Liêu,Bình Thuận,317.3
Bạc Liêu,Đồng Tháp,129.8
Bạc Liêu,Hậu Giang,61.4
Tây Ninh,Bình Phước,84.2
Tây Ninh,Phú Thọ,1117.2
Tây Ninh,Vĩnh Phúc,1113.1
Tây Ninh,Lào Cai,1263.0
Tây Ninh,Sơn La,1138.0
Tây Ninh,Điện Biên,1167.3
Tây Ninh,Lai Châu,1264.0
Tây Ninh,Hòa Bình,1060.2
Tây Ninh,Hà Nam,1031.3
Tây Ninh,Thái Bình,1016.2
Tây Ninh,Lạng Sơn,1174.5
Tây Ninh,Bắc Giang,1107.9
Tây Ninh,Bắc Kạn,1205.3
Tây Ninh,Cao Bằng,1262.9
Tây Ninh,Hà Giang,1285.7
Tây Ninh,Tuyên Quang,1172.8
Tây Ninh,Yên Bái,1164.2
Tây Ninh,Kon Tum,395.9
Tây Ninh,Đắk Nông,188.9
Tây Ninh,Phú Yên,380.8
Tây Ninh,Ninh Thuận,316.2
Tây Ninh,Bình Thuận,222.4
Tây Ninh,Đồng Tháp,107.6
Tây Ninh,Hậu Giang,183.0
Bình Phước,Phú Thọ,1076.2
Bình Phước,Vĩnh Phúc,1069.5
Bình Phước,Lào Cai,1228.9
Bình Phước,Sơn La,1106.2
Bình Phước,Điện Biên,1141.5
Bình Phước,Lai Châu,1233.1
Bình Phước,Hòa Bình,1018.9
Bình Phước,Hà Nam,985.8
Bình Phước,Thái Bình,967.8
Bình Phước,Lạng Sơn,1123.4
Bình Phước,Bắc Giang,1060.3
Bình Phước,Bắc Kạn,1159.8
Bình Phước,Cao Bằng,1214.7
Bình Phước,Hà Giang,1244.9
Bình Phước,Tuyên Quang,1131.5
Bình Phước,Yên Bái,1125.1
Bình Phước,Kon Tum,320.2
Bình Phước,Đắk Nông,107.8
Bình Phước,Phú Yên,296.9
Bình Phước,Ninh Thuận,247.2
Bình Phước,Bình Thuận,175.2
Bình Phước,Đồng Tháp,186.9
Bình Phước,Hậu Giang,258.2
Phú Thọ,Vĩnh Phúc,39.1
Phú Thọ,Lào Cai,183.1
Phú Thọ,Sơn La,136.0
Phú Thọ,Điện Biên,228.4
Phú Thọ,Lai Châu,217.3
Phú Thọ,Hòa Bình,57.4
Phú Thọ,Hà Nam,109.5
Phú Thọ,Thái Bình,150.9
Phú Thọ,Lạng Sơn,169.2
Phú Thọ,Bắc Giang,100.3
Phú Thọ,Bắc Kạn,111.0
Phú Thọ,Cao Bằng,183.7
Phú Thọ,Hà Giang,168.7
Phú Thọ,Tuyên Quang,55.7
Phú Thọ,Yên Bái,55.6
Phú Thọ,Kon Tum,828.9
Phú Thọ,Đắk Nông,1069.0
Phú Thọ,Phú Yên,1003.3
Phú Thọ,Ninh Thuận,1156.5
Phú Thọ,Bình Thuận,1195.2
Phú Thọ,Đồng Tháp,1208.9
Phú Thọ,Hậu Giang,1283.3
Vĩnh Phúc,Lào Cai,213.4
Vĩnh Phúc,Sơn La,175.1
Vĩnh Phúc,Điện Biên,267.5
Vĩnh Phúc,Lai Châu,251.5
Vĩnh Phúc,Hòa Bình,61.3
Vĩnh Phúc,Hà Nam,87.2
Vĩnh Phúc,Thái Bình,122.4
Vĩnh Phúc,Lạng Sơn,134.1
Vĩnh Phúc,Bắc Giang,61.2
Vĩnh Phúc,Bắc Kạn,96.2
Vĩnh Phúc,Cao Bằng,165.6
Vĩnh Phúc,Hà Giang,180.1
Vĩnh Phúc,Tuyên Quang,70.0
Vĩnh Phúc,Yên Bái,86.1
Vĩnh Phúc,Kon Tum,814.2
Vĩnh Phúc,Đắk Nông,1058.5
Vĩnh Phúc,Phú Yên,986.2
Vĩnh Phúc,Ninh Thuận,1141.8
Vĩnh Phúc,Bình Thuận,1184.0
Vĩnh Phúc,Đồng Tháp,1206.6
Vĩnh Phúc,Hậu Giang,1281.5
Lào Cai,Sơn La,128.8
Lào Cai,Điện Biên,156.5
Lào Cai,Lai Châu,52.6
Lào Cai,Hòa Bình,233.2
Lào Cai,Hà Nam,292.5
Lào Cai,Thái Bình,333.7
Lào Cai,Lạng Sơn,295.8
Lào Cai,Bắc Giang,266.1
Lào Cai,Bắc Kạn,195.4
Lào Cai,Cao Bằng,236.3
Lào Cai,Hà Giang,110.5
Lào Cai,Tuyên Quang,147.7
Lào Cai,Yên Bái,128.2
Lào Cai,Kon Tum,999.3
Lào Cai,Đắk Nông,1230.6
Lào Cai,Phú Yên,1176.9
Lào Cai,Ninh Thuận,1325.9
Lào Cai,Bình Thuận,1357.4
Lào Cai,Đồng Tháp,1349.1
Lào Cai,Hậu Giang,1421.3
Sơn La,Điện Biên,92.6
Sơn La,Lai Châu,127.4
Sơn La,Hòa Bình,158.2
Sơn La,Hà Nam,224.5
Sơn La,Thái Bình,270.0
Sơn La,Lạng Sơn,300.1
Sơn La,Bắc Giang,236.3
Sơn La,Bắc Kạn,218.2
Sơn La,Cao Bằng,284.2
Sơn La,Hà Giang,199.4
Sơn La,Tuyên Quang,145.2
Sơn La,Yên Bái,110.5
Sơn La,Kon Tum,888.1
Sơn La,Đắk Nông,1112.0
Sơn La,Phú Yên,1068.3
Sơn La,Ninh Thuận,1212.6
Sơn La,Bình Thuận,1239.0
Sơn La,Đồng Tháp,1222.6
Sơn La,Hậu Giang,1294.3
Điện Biên,Lai Châu,121.4
Điện Biên,Hòa Bình,248.3
Điện Biên,Hà Nam,314.1
Điện Biên,Thái Bình,359.7
Điện Biên,Lạng Sơn,389.9
Điện Biên,Bắc Giang,328.7
Điện Biên,Bắc Kạn,302.4
Điện Biên,Cao Bằng,363.1
Điện Biên,Hà Giang,257.6
Điện Biên,Tuyên Quang,231.7
Điện Biên,Yên Bái,197.3
Điện Biên,Kon Tum,942.9
Điện Biên,Đắk Nông,1155.4
Điện Biên,Phú Yên,1125.1
Điện Biên,Ninh Thuận,1263.2
Điện Biên,Bình Thuận,1282.1
Điện Biên,Đồng Tháp,1246.7
Điện Biên,Hậu Giang,1316.3
Lai Châu,Hòa Bình,261.1
Lai Châu,Hà Nam,324.4
Lai Châu,Thái Bình,367.6
Lai Châu,Lạng Sơn,344.6
Lai Châu,Bắc Giang,307.9
Lai Châu,Bắc Kạn,245.1
Lai Châu,Cao Bằng,288.7
Lai Châu,Hà Giang,162.7
Lai Châu,Tuyên Quang,190.8
Lai Châu,Yên Bái,165.6
Lai Châu,Kon Tum,1014.3
Lai Châu,Đắk Nông,1239.4
Lai Châu,Phú Yên,1193.7
Lai Châu,Ninh Thuận,1339.3
Lai Châu,Bình Thuận,1366.4
Lai Châu,Đồng Tháp,1347.3
Lai Châu,Hậu Giang,1418.5
Hòa Bình,Hà Nam,66.3
Hòa Bình,Thái Bình,111.8
Hòa Bình,Lạng Sơn,187.2
Hòa Bình,Bắc Giang,102.4
Hòa Bình,Bắc Kạn,156.6
Hòa Bình,Cao Bằng,226.8
Hòa Bình,Hà Giang,226.0
Hòa Bình,Tuyên Quang,112.6
Hòa Bình,Yên Bái,109.9
Hòa Bình,Kon Tum,772.4
Hòa Bình,Đắk Nông,1011.8
Hòa Bình,Phú Yên,947.5
Hòa Bình,Ninh Thuận,1099.9
Hòa Bình,Bình Thuận,1137.9
Hòa Bình,Đồng Tháp,1152.3
Hòa Bình,Hậu Giang,1226.9
Hà Nam,Thái Bình,45.6
Hà Nam,Lạng Sơn,165.8
Hà Nam,Bắc Giang,81.7
Hà Nam,Bắc Kạn,174.1
Hà Nam,Cao Bằng,234.3
Hà Nam,Hà Giang,267.3
Hà Nam,Tuyên Quang,156.3
Hà Nam,Yên Bái,165.0
Hà Nam,Kon Tum,727.2
Hà Nam,Đắk Nông,972.7
Hà Nam,Phú Yên,898.9
Hà Nam,Ninh Thuận,1054.7
Hà Nam,Bình Thuận,1097.9
Hà Nam,Đồng Tháp,1126.4
Hà Nam,Hậu Giang,1201.8
Thái Bình,Lạng Sơn,162.6
Thái Bình,Bắc Giang,93.1
Thái Bình,Bắc Kạn,196.1
Thái Bình,Cao Bằng,247.0
Thái Bình,Hà Giang,299.0
Thái Bình,Tuyên Quang,192.4
Thái Bình,Yên Bái,205.5
Thái Bình,Kon Tum,700.5
Thái Bình,Đắk Nông,950.1
Thái Bình,Phú Yên,869.1
Thái Bình,Ninh Thuận,1027.3
Thái Bình,Bình Thuận,1074.5
Thái Bình,Đồng Tháp,1113.2
Thái Bình,Hậu Giang,1189.2
Lạng Sơn,Bắc Giang,87.2
Lạng Sơn,Bắc Kạn,101.0
Lạng Sơn,Cao Bằng,103.9
Lạng Sơn,Hà Giang,212.2
Lạng Sơn,Tuyên Quang,159.8
Lạng Sơn,Yên Bái,193.1
Lạng Sơn,Kon Tum,844.6
Lạng Sơn,Đắk Nông,1100.0
Lạng Sơn,Phú Yên,1005.5
Lạng Sơn,Ninh Thuận,1168.3
Lạng Sơn,Bình Thuận,1222.6
Lạng Sơn,Đồng Tháp,1272.9
Lạng Sơn,Hậu Giang,1349.1
Bắc Giang,Bắc Kạn,104.0
Bắc Giang,Cao Bằng,155.1
Bắc Giang,Hà Giang,212.8
Bắc Giang,Tuyên Quang,118.4
Bắc Giang,Yên Bái,143.0
Bắc Giang,Kon Tum,793.1
Bắc Giang,Đắk Nông,1043.2
Bắc Giang,Phú Yên,960.7
Bắc Giang,Ninh Thuận,1119.7
Bắc Giang,Bình Thuận,1167.6
Bắc Giang,Đồng Tháp,1204.1
Bắc Giang,Hậu Giang,1279.8
Bắc Kạn,Cao Bằng,72.7
Bắc Kạn,Hà Giang,115.3
Bắc Kạn,Tuyên Quang,73.4
Bắc Kạn,Yên Bái,107.9
Bắc Kạn,Kon Tum,896.6
Bắc Kạn,Đắk Nông,1145.2
Bắc Kạn,Phú Yên,1064.7
Bắc Kạn,Ninh Thuận,1223.4
Bắc Kạn,Bình Thuận,1270.0
Bắc Kạn,Đồng Tháp,1300.0
Bắc Kạn,Hậu Giang,1375.2
Cao Bằng,Hà Giang,132.4
Cao Bằng,Tuyên Quang,143.1
Cao Bằng,Yên Bái,175.9
Cao Bằng,Kon Tum,942.7
Cao Bằng,Đắk Nông,1195.6
Cao Bằng,Phú Yên,1106.2
Cao Bằng,Ninh Thuận,1267.8
Cao Bằng,Bình Thuận,1319.2
Cao Bằng,Đồng Tháp,1359.2
Cao Bằng,Hậu Giang,1434.9
Hà Giang,Tuyên Quang,113.7
Hà Giang,Yên Bái,123.4
Hà Giang,Kon Tum,994.2
Hà Giang,Đắk Nông,1237.0
Hà Giang,Phú Yên,1166.2
Hà Giang,Ninh Thuận,1321.8
Hà Giang,Bình Thuận,1362.9
Hà Giang,Đồng Tháp,1376.7
Hà Giang,Hậu Giang,1450.8
Tuyên Quang,Yên Bái,34.8
Tuyên Quang,Kon Tum,881.5
Tuyên Quang,Đắk Nông,1123.4
Tuyên Quang,Phú Yên,1054.6
Tuyên Quang,Ninh Thuận,1209.2
Tuyên Quang,Bình Thuận,1249.3
Tuyên Quang,Đồng Tháp,1264.6
Tuyên Quang,Hậu Giang,1339.0
Yên Bái,Kon Tum,882.3
Yên Bái,Đắk Nông,1120.3
Yên Bái,Phú Yên,1057.4
Yên Bái,Ninh Thuận,1209.7
Yên Bái,Bình Thuận,1246.6
Yên Bái,Đồng Tháp,1254.4
Yên Bái,Hậu Giang,1328.2
Kon Tum,Đắk Nông,263.5
Kon Tum,Phú Yên,183.3
Kon Tum,Ninh Thuận,327.6
Kon Tum,Bình Thuận,380.1
Kon Tum,Đồng Tháp,503.4
Kon Tum,Hậu Giang,577.4
Đắk Nông,Phú Yên,195.0
Đắk Nông,Ninh Thuận,150.0
Đắk Nông,Bình Thuận,127.0
Đắk Nông,Đồng Tháp,281.9
Đắk Nông,Hậu Giang,345.1
Phú Yên,Ninh Thuận,169.7
Phú Yên,Bình Thuận,262.8
Phú Yên,Đồng Tháp,476.9
Phú Yên,Hậu Giang,539.2
Ninh Thuận,Bình Thuận,119.7
Ninh Thuận,Đồng Tháp,386.4
Ninh Thuận,Hậu Giang,432.4
Bình Thuận,Đồng Tháp,274.8
Bình Thuận,Hậu Giang,314.8
Đồng Tháp,Hậu Giang,77.0
